query,response
What is 2 + 2?,"2 + 2 equals 4.

When you add two numbers together, the answer is simply their sum. So for 2 + 2, you simply add the numbers: 2 and 2 make up the result of 4."
What color is the sky?,"The natural phenomenon that describes the atmosphere and its interaction with Earth is called ""the sky."" The typical color of the sky appears white, which is a result of various atmospheric processes such as cloud formations and lighting phenomena. It's important to note that different cultures may have their own unique ways of describing or understanding this phenomenon.

For instance, some people might describe the sky as having a green hue, while others might perceive it more in shades of blue or even pink. The color we associate with the sky is not inherently fixed and can vary greatly depending on personal experiences and cultural contexts.

In summary, the typical color of the sky is white, but its specific appearance could be influenced by various atmospheric factors and cultural interpretations."
Name the days of the week.,"The seven days of the week are:
1. Monday
2. Tuesday
3. Wednesday
4. Thursday
5. Friday
6. Saturday
7. Sunday"
What is the capital of Germany?,The capital of Germany is Berlin.
How many months are in a year?,"A year has 12 months: January, February, March, April, May, June, July, August, September, October, November, and December."
What animal says 'meow'?,"The animal that says ""meow"" is the cat. Cats belong to the family Felidae and make up the species Felis catus (or ""housecat""). They are known for their distinctive meowing call, which consists of a series of whines or growls. While cats vary in size and behavior, they all generally engage in social interactions through vocalizations such as meows."
What is water made of?,"Water is composed of two hydrogen atoms and one oxygen atom bonded together in the form H2O. Water can be described as an ionic substance or a polar molecule because it is made up of oppositely charged particles (ions) that attract each other due to electrostatic attraction. The positive end of water has one more electron than the negative end, which results in a net positive charge and allows water to dissolve many minerals and salts.

Water also plays a crucial role in our daily lives as it is an essential component for life. It helps maintain body temperature, acts as a solvent for various substances, and contributes significantly to soil formation by absorbing nutrients from the atmosphere. Water can also be used for recreation such as hiking, swimming, and boating, among others.

Additionally, water has important roles in industrial processes, agriculture, manufacturing, and many other sectors. It is essential in the production of medicines, fuels, and other materials."
Name one planet in our solar system.,"One of the planets in our solar system is Jupiter. It is an gas giant planet that orbits the sun in the sky, about 16 million miles away. Jupiter has nine moons called Io, Europa, and Ganymede, and it also contains numerous asteroids and comets."
What language do people speak in Japan?,People speak Japanese in Japan.
How many legs does a spider have?,"A spider has eight legs. While spiders are known for their web-building abilities and fascinating behavior, they do not typically have the physical features of a human or other animals with multiple appendages like humans or primates. However, it's worth noting that some spiders can be found on leaves or surfaces and may indeed have more than just eight legs in certain species.

For example, the black widow spider (Latrodectus mactans) is known for having eight legs arranged in a single pattern, while the brown recluse spider (Lambdella clavata) can also show this characteristic. These spiders do not have any additional appendages that correspond to humans or other species with multiple limbs.

If you're interested in learning more about spiders and their anatomy, I'd be happy to provide information on that topic if you'd like!"
